user_id,email,user_name
1,janetchambers@example.com,heidiblair
2,ylynch@example.com,zperez
3,mclaughlinjasmin@example.net,johnsonkendra
4,huntermiller@example.org,emily29
5,amy18@example.com,lindseybolton
6,heathercampbell@example.com,abarron
7,christine17@example.org,vallen
8,perezangel@example.com,kelsey45
9,peckmariah@example.org,arogers
10,william59@example.com,awells
11,kerrycalderon@example.net,julie42
12,uhernandez@example.org,ahansen
13,colematthew@example.net,barbara13
14,tschmidt@example.com,rfarmer
15,james84@example.com,kathryn65
16,amitchell@example.com,mwilson
17,gomezevan@example.net,haaslisa
18,clarsen@example.net,shannonwilliams
19,guzmanbrittany@example.org,johnsstacy
20,cwhite@example.org,lindsayhaynes
21,hollyfoster@example.net,william13
22,tannerthomas@example.net,ocampbell
23,johnsondaniel@example.com,sara57
24,villanuevaamanda@example.org,edward69
25,forbessandra@example.org,amanda72
26,samantha67@example.org,kellyhill
27,deleonpatricia@example.com,paul47
28,julia37@example.net,ecarter
29,adriansantos@example.com,mcdonaldbenjamin
30,jenniferjames@example.org,ghowell
31,ryanhill@example.net,timothymccarthy
32,nelsonamy@example.net,nicholasmerritt
33,martintommy@example.com,lvance
34,reynoldsjessica@example.com,reynoldsdanielle
35,fernandoford@example.com,donna45
36,nrodriguez@example.net,shannon85
37,john08@example.org,sandrabrown
38,matthew77@example.org,janetvargas
39,kelly14@example.com,yflores
40,margaret42@example.com,andrew15
41,colson@example.com,coreyjohnson
42,james26@example.net,mckenzie25
43,margaret27@example.net,kaitlingood
44,douglas19@example.com,stacy84
45,kristina25@example.org,pbradley
46,esantana@example.com,carl64
47,yenglish@example.com,adamsmith
48,bryanstephanie@example.com,wesleymacdonald
49,riggsgregory@example.net,zacharygibbs
50,dsanchez@example.org,vbeck
51,lozanoalexander@example.org,markblevins
52,dwillis@example.net,iellison
53,wlevine@example.org,robert25
54,justin33@example.org,gsmith
55,eatkins@example.com,cmarquez
56,steven51@example.org,thompsonalexis
57,allen38@example.com,fuentesmelanie
58,ashley33@example.org,angelafrank
59,carolynnguyen@example.org,kellison
60,broberts@example.net,rsimmons
61,steven44@example.net,kwilson
62,omckinney@example.com,marksanchez
63,jonathan85@example.net,kimberlyhughes
64,francessampson@example.org,atkinsgary
65,arose@example.org,wilsoncharles
66,billymaxwell@example.net,yluna
67,valeriecox@example.com,trandeanna
68,sarahgreene@example.net,audreyking
69,amberkent@example.org,lonniegrant
70,harrischeryl@example.com,petersonsarah
71,jpineda@example.net,barbarayates
72,anthonytate@example.org,wilcoxbrian
73,angelalogan@example.com,samanthajohnson
74,parkererin@example.org,sergio18
75,aaronowen@example.org,tristan27
76,dcarrillo@example.com,elewis
77,novakjonathan@example.org,dorothybrennan
78,robinsonkelly@example.net,barnettmathew
79,mullinstimothy@example.com,shannonward
80,stanleyryan@example.net,howellangela
81,xmorgan@example.net,brandonpage
82,jason42@example.org,alee
83,masonwendy@example.com,kyle54
84,jerryking@example.org,mcculloughthomas
85,lisa03@example.net,josephtaylor
86,wendywilliams@example.org,kyle17
87,ashleymarks@example.net,whiteleah
88,hopkinslogan@example.net,alexandermay
89,palmerjoshua@example.net,phillipsjames
90,jamiewoodard@example.org,stephenpatel
91,fjones@example.com,zimmermanbailey
92,pgarner@example.net,jonathan55
93,erin86@example.net,allenaustin
94,mccarthysuzanne@example.net,wglenn
95,harperallison@example.org,jessicaswanson
96,joseph51@example.org,lori29
97,jacksonmisty@example.org,cindy85
98,ztravis@example.net,kristie79
99,wdoyle@example.com,deannariley
100,nallen@example.org,gonzaleznicholas
101,icunningham@example.com,erik70
102,tranmichael@example.com,ashleysilva
103,butlerandrew@example.com,darylsanchez
104,carl39@example.com,christopherthomas
105,samantha60@example.org,alexandersimpson
106,ruben17@example.net,baileymichael
107,davidwalton@example.net,irwinluke
108,hickschris@example.org,marieking
109,mjohnson@example.org,brian69
110,ericbanks@example.org,emily42
111,william21@example.net,diazrichard
112,vrivas@example.com,caroltaylor
113,stephen71@example.com,emanning
114,zmills@example.org,leetyrone
115,leslielogan@example.net,coopermichael
116,williamboyd@example.net,sray
117,amanda04@example.com,margaretyoung
118,savagecynthia@example.com,deniseanderson
119,cherylbrown@example.com,thompsonmiguel
120,christophermorton@example.net,khorne
121,paul03@example.net,mariapatton
122,uward@example.com,reneefigueroa
123,jonesdavid@example.org,louis43
124,emily15@example.com,jjackson
125,adamsstephanie@example.com,sanderscynthia
126,penastephanie@example.org,mfernandez
127,daniel40@example.org,sullivankelly
128,qsmith@example.net,smithpamela
129,coxkristen@example.net,foxsummer
130,ldavis@example.com,ewalker
131,gjohnson@example.net,kellymitchell
132,carterkatherine@example.com,lewisjonathon
133,ohamilton@example.com,jennifer81
134,joshuamann@example.com,lisa87
135,matthew13@example.com,matthewwelch
136,sharonsanchez@example.com,johnwilliams
137,yvetteorozco@example.net,cathywallace
138,johnathan78@example.org,mariachung
139,gmaldonado@example.com,jirwin
140,diana78@example.net,wanglaura
141,myersrobert@example.net,sarahpugh
142,elizabeththomas@example.com,nicolewilliams
143,jasonshaffer@example.com,mjackson
144,gpearson@example.org,christophermatthews
145,eric74@example.com,marcusweaver
146,marquezmichelle@example.org,bsnow
147,brandi91@example.org,melissahawkins
148,laurengraves@example.org,susanphillips
149,joe99@example.net,elizabethanderson
150,randy71@example.com,rachellyons
151,efox@example.com,imorrison
152,moorekelly@example.org,johnflores
153,nguyenmiranda@example.net,dmcgrath
154,shannonwatts@example.org,daniel61
155,ericacallahan@example.net,lanejonathan
156,brownlisa@example.net,christophersanchez
157,lori13@example.com,hughesnicholas
158,douglasricky@example.net,brownjasmine
159,castanedachristopher@example.org,russelleric
160,pcook@example.com,rosariomichelle
161,jamie49@example.org,patriciatodd
162,jimenezashley@example.com,sjohns
163,richard85@example.com,buckleyjoe
164,lisarobertson@example.net,rodriguezjacob
165,balljeffrey@example.net,jrangel
166,lisahughes@example.com,kristi11
167,michellethomas@example.org,robert16
168,brenda65@example.org,benitezjoshua
169,donald20@example.com,martin02
170,dbutler@example.net,zhall
171,luis63@example.com,bwatson
172,cynthia44@example.org,ruizrobert
173,markhouse@example.com,yconner
174,norrisalyssa@example.com,christopherphillips
175,kennethsmith@example.net,courtney11
176,christopher21@example.com,matthew43
177,wendy74@example.com,ellispatricia
178,michael09@example.com,joan97
179,alexander15@example.com,tracy18
180,justin59@example.com,mahoneydanny
181,charles71@example.org,michelle95
182,csalazar@example.org,kevingutierrez
183,vayala@example.org,scottmichael
184,michaelvance@example.org,jennifer12
185,garrettcharles@example.net,ginapham
186,jasonpark@example.net,zlandry
187,karen72@example.com,martha01
188,stevencurry@example.org,richard99
189,romeromichael@example.net,julia83
190,robert17@example.org,sarah34
191,matthewjohnson@example.net,spena
192,nbarnes@example.net,dsanders
193,butlerkaren@example.net,rossanthony
194,sheliablair@example.org,pbrown
195,humphreycaleb@example.net,nhamilton
196,cathy06@example.net,lbenjamin
197,wmeyer@example.org,sandrapatrick
198,inicholson@example.com,scalhoun
199,vmorales@example.net,vasquezjoy
200,porterjacob@example.com,larry98
201,ashleybrown@example.com,martinezadam
202,andrewmoses@example.net,sandrews
203,fromero@example.org,john96
204,amandaburgess@example.com,jamesrose
205,apugh@example.com,serranojoanna
206,mariawalters@example.com,joe58
207,haileywoodward@example.net,christinaandrews
208,debra90@example.net,gregorydunn
209,wbell@example.org,evansjon
210,hogansuzanne@example.org,davidcook
211,phillipsjay@example.org,festrada
212,tammy15@example.org,scottfleming
213,brownmatthew@example.net,bconner
214,bmartinez@example.org,monicamorrow
215,ofritz@example.net,ashleymorales
216,stricklandtracy@example.net,devin30
217,julie34@example.com,sean27
218,grosselizabeth@example.org,shaffererica
219,dmiller@example.com,sarahwright
220,ssmith@example.net,iporter
221,wschultz@example.org,danapetersen
222,shannon53@example.org,adamscristian
223,amandadaugherty@example.org,brianramirez
224,angelahopkins@example.net,gregory05
225,wilsonbethany@example.com,janderson
226,lauren80@example.net,susanhaas
227,michaelmurphy@example.com,kayla40
228,campbelldonna@example.org,mark03
229,vparker@example.com,jameshannah
230,jillhodge@example.com,eclark
231,millerashley@example.net,robinmarquez
232,nguyenpatrick@example.net,hartcolleen
233,marshallwayne@example.com,fharris
234,richardmartinez@example.net,owenamanda
235,travis14@example.org,nancy87
236,thompsonmelissa@example.org,samuelgreen
237,rodriguezlisa@example.net,christinamorris
238,hortonnicholas@example.net,morganjennifer
239,gabriellaaustin@example.net,castilloricky
240,jacobwang@example.net,cjimenez
241,michaelsmith@example.com,elizabethmccarthy
242,julia07@example.net,crosbyalicia
243,bennettryan@example.com,zmitchell
244,kevinmurray@example.net,samantha36
245,stephensjill@example.org,boothbrian
246,cochranerica@example.org,michaelarias
247,dramos@example.org,jamieevans
248,vgonzales@example.com,qlove
249,griffithdeborah@example.org,lisa75
250,zacharysmith@example.net,brianparker
251,garrettjessica@example.net,schmittluis
252,karen55@example.com,zcarroll
253,jason46@example.net,ashleypatterson
254,melaniejones@example.org,ffuller
255,jeffrey18@example.net,seth13
256,deanadams@example.net,leahirwin
257,flee@example.com,patriciaprice
258,jonwatson@example.net,tbrown
259,moorelaurie@example.com,hwhitehead
260,nicholasperez@example.net,xduke
261,ortizricardo@example.org,roger26
262,cmarks@example.org,robinclark
263,swoods@example.org,michelle32
264,garyarmstrong@example.net,hartmandavid
265,egonzalez@example.com,lbrowning
266,hvalencia@example.net,gina15
267,jamesarmstrong@example.com,antonio06
268,beth79@example.com,susan14
269,rodriguezstephanie@example.org,andrew37
270,awerner@example.com,wolfekevin
271,whitebrooke@example.net,sotojohnny
272,bwatts@example.org,melanie58
273,pyu@example.net,hunterparsons
274,bridget55@example.com,david45
275,delliott@example.com,prussell
276,fjordan@example.org,gilbertjohn
277,jlopez@example.org,usparks
278,shaffernicholas@example.net,fblankenship
279,jenniferramirez@example.net,edward64
280,matthew27@example.org,nnixon
281,martindickerson@example.net,amanda89
282,vrogers@example.com,rprice
283,michaeljefferson@example.org,danny48
284,james95@example.net,ylee
285,xpeck@example.net,jamie37
286,jrogers@example.org,caldwellbenjamin
287,jonesnicholas@example.net,lvillarreal
288,areynolds@example.com,lindsay44
289,ghenderson@example.com,thompsonsteven
290,meyerjackson@example.net,galvarez
291,coffeycorey@example.net,bondjames
292,lindsay64@example.org,riosmaureen
293,lewisjulian@example.com,brianproctor
294,rgriffin@example.org,marissasingleton
295,michaelbaker@example.org,kennedyvanessa
296,eschwartz@example.net,murraybrittney
297,chelsea37@example.com,joshua50
298,vanessafry@example.com,bturner
299,sanderschelsea@example.com,shelby79
300,elizabeth91@example.org,thompsondenise
